{"manifestVersion":"1.1","info":{"id":"imbACE.Extension.BasicPack.20ed33a6-3481-4161-a929-ab10d33258ef,version=1.0","manifestType":"Extension"},"packages":[{"id":"Component.imbACE.Extension.BasicPack.20ed33a6-3481-4161-a929-ab10d33258ef","version":"1.0","type":"Component","extension":true,"dependencies":{"imbACE.Extension.BasicPack.20ed33a6-3481-4161-a929-ab10d33258ef":"1.0","Microsoft.VisualStudio.Component.CoreEditor":"[15.0,16.0)"},"localizedResources":[{"language":"en-US","title":"imbACE Basic Pack","description":"Multi-target C# (.NET 4.0, .NET 4.5 and .NET Standard) project templates and imbACE (Advanced Console Environment) and imbSCI (Coding for Science): item templates (namespace XML documentation declaration, imbACE Advanced Console class, imbSCI Global configuration, and code snippets. Project templates contain custom MSBuild target that makes copy of NuGet .nupkg file to local NuGet repository, on each build. "}]},{"id":"imbACE.Extension.BasicPack.20ed33a6-3481-4161-a929-ab10d33258ef","version":"1.0","type":"Vsix","payloads":[{"fileName":"imbACE.Extension.BasicPack.vsix","size":4940191}],"vsixId":"imbACE.Extension.BasicPack.20ed33a6-3481-4161-a929-ab10d33258ef","extensionDir":"[installdir]\\Common7\\IDE\\Extensions\\r5xuwpez.cif","installSizes":{"targetDrive":5638004}}]}